<?xml version="1.0" encoding="UTF-8"?>
<metadata xml:lang="en"><Esri><CreaDate>20160630</CreaDate><CreaTime>15251600</CreaTime><ArcGISFormat>1.0</ArcGISFormat><SyncOnce>TRUE</SyncOnce><DataProperties><itemProps><itemLocation><linkage Sync="TRUE">file://\\SARA-PC\B$\Berkeley\GSR_Network Infrastructure\Local Code Maps\New York\LocalCodeNY\commondata\data16\Risk_cancerresp</linkage><protocol Sync="TRUE">Local Area Network</protocol></itemLocation></itemProps><copyHistory><copy source="B:\Berkeley\GSR_Network Infrastructure\Data\2-New York\New_York\Risk_cancer\Risk_cancerresp" dest="\\SARA-PC\B$\Berkeley\GSR_Network Infrastructure\Local Code Maps\New York\LocalCodeNY\commondata\data16\Risk_cancerresp" date="20121017" time="18315500"></copy></copyHistory></DataProperties></Esri></metadata>
