<?xml version="1.0" encoding="UTF-8"?>
<metadata xml:lang="en"><Esri><CreaDate>20121017</CreaDate><CreaTime>18315300</CreaTime><ArcGISFormat>1.0</ArcGISFormat><SyncOnce>TRUE</SyncOnce><DataProperties><itemProps><itemLocation><linkage Sync="TRUE">file://\\SARA-PC\B$\Berkeley\GSR_Network Infrastructure\Local Code Maps\New York\LocalCodeNY\commondata\data15\Asthma_ED_Visit</linkage><protocol Sync="TRUE">Local Area Network</protocol></itemLocation></itemProps><copyHistory><copy source="B:\Berkeley\GSR_Network Infrastructure\Data\2-New York\New_York\Asthma_Emergency_Zip\Asthma_ED_Visit" dest="\\SARA-PC\B$\Berkeley\GSR_Network Infrastructure\Local Code Maps\New York\LocalCodeNY\commondata\data15\Asthma_ED_Visit" date="20121017" time="18315300"></copy></copyHistory></DataProperties></Esri></metadata>
